{
  "hash": "8d030a6b",
  "configHash": "503250a7",
  "lockfileHash": "23051920",
  "browserHash": "786f164a",
  "optimized": {
    "@angular/core": {
      "src": "../../../../../node_modules/@angular/core/fesm2022/core.mjs",
      "file": "@angular_core.js",
      "fileHash": "fafe6d5a",
      "needsInterop": false
    },
    "@angular/platform-browser": {
      "src": "../../../../../node_modules/@angular/platform-browser/fesm2022/platform-browser.mjs",
      "file": "@angular_platform-browser.js",
      "fileHash": "a2bd0e06",
      "needsInterop": false
    },
    "@angular/router": {
      "src": "../../../../../node_modules/@angular/router/fesm2022/router.mjs",
      "file": "@angular_router.js",
      "fileHash": "8a48200d",
      "needsInterop": false
    },
    "@angular/service-worker": {
      "src": "../../../../../node_modules/@angular/service-worker/fesm2022/service-worker.mjs",
      "file": "@angular_service-worker.js",
      "fileHash": "56187715",
      "needsInterop": false
    },
    "@angular/common": {
      "src": "../../../../../node_modules/@angular/common/fesm2022/common.mjs",
      "file": "@angular_common.js",
      "fileHash": "6cc6cc45",
      "needsInterop": false
    }
  },
  "chunks": {
    "chunk-YSV4R2LE": {
      "file": "chunk-YSV4R2LE.js"
    },
    "chunk-TT3UXN4I": {
      "file": "chunk-TT3UXN4I.js"
    },
    "chunk-56JTOOGG": {
      "file": "chunk-56JTOOGG.js"
    }
  }
}